section,item,estimate,std_error,p_value,observations,notes
sample,raw participant-period records,10220.0,,,,
sample,post-exit exclusions,25.0,,,,
sample,final participant-period sample,10195.0,,,,
sample,personal-controls sample,10185.0,,,,
sample,complete market-periods,1435.0,,,,
sample,eligible appeal participant-periods,2912.0,,,,
sample,appeal opportunities,5725.0,,,,
means,"DA, no appeals truth-telling",0.2881861627101898,,,,
means,"DA, no appeals assigned rank",2.7410500049591064,,,,
means,"DA, no appeals welfare points",6.2947492599487305,,,,
means,"DA, strict appeals truth-telling",0.31904762983322144,,,,
means,"DA, strict appeals assigned rank",2.7386903762817383,,,,
means,"DA, strict appeals welfare points",6.30654764175415,,,,
means,"DA, probabilistic appeals truth-telling",0.33213430643081665,,,,
means,"DA, probabilistic appeals assigned rank",2.605515480041504,,,,
means,"DA, probabilistic appeals welfare points",6.972422122955322,,,,
means,"IA, no appeals truth-telling",0.2780429720878601,,,,
means,"IA, no appeals assigned rank",2.328758955001831,,,,
means,"IA, no appeals welfare points",8.356204986572266,,,,
means,"IA, strict appeals truth-telling",0.3922387957572937,,,,
means,"IA, strict appeals assigned rank",2.0591044425964355,,,,
means,"IA, strict appeals welfare points",9.704477310180664,,,,
means,"IA, probabilistic appeals truth-telling",0.38846153020858765,,,,
means,"IA, probabilistic appeals assigned rank",2.0406594276428223,,,,
means,"IA, probabilistic appeals welfare points",9.796703338623047,,,,
table2,"IA strict, specification 1",0.1142,0.0437,0.009,10195.0,
table2,"IA strict, specification 2",0.1142,0.0437,0.009,10195.0,
table2,"IA strict, specification 3",0.1142,0.0437,0.009,10195.0,
table2,"IA strict, specification 4",0.1203,0.0439,0.0061,10185.0,
table2,"IA probabilistic, specification 1",0.1104,0.0299,0.0002,10195.0,
table2,"IA probabilistic, specification 2",0.1104,0.0299,0.0002,10195.0,
table2,"IA probabilistic, specification 3",0.1105,0.0299,0.0002,10195.0,
table2,"IA probabilistic, specification 4",0.1123,0.031,0.0003,10185.0,
table2,"DA strict, specification 1",0.0309,0.021,0.141,10195.0,
table2,"DA strict, specification 2",0.0309,0.021,0.141,10195.0,
table2,"DA strict, specification 3",0.031,0.021,0.14,10195.0,
table2,"DA strict, specification 4",0.0348,0.0209,0.096,10185.0,
table2,"DA probabilistic, specification 1",0.0439,0.0246,0.074,10195.0,
table2,"DA probabilistic, specification 2",0.044,0.0246,0.074,10195.0,
table2,"DA probabilistic, specification 3",0.0442,0.0246,0.072,10195.0,
table2,"DA probabilistic, specification 4",0.0433,0.025,0.083,10185.0,
table3,"IA mechanism, column 1",0.1085,0.0364,0.0038,2912.0,
table3,"IA mechanism, column 2",0.02985,0.03732,0.428,5725.0,
table3,"probabilistic rule, column 1",0.0767,0.0317,0.0156,2912.0,
table3,"probabilistic rule, column 2",0.05249,0.03371,0.119,5725.0,
table3,"IA x probabilistic rule, column 1",-0.1033,0.0445,0.0203,2912.0,
table3,"IA x probabilistic rule, column 2",-0.03722,0.04974,0.454,5725.0,
table3,"second choice, column 1",0.3147,0.0925,0.0007,2912.0,
table3,"second choice, column 2",0.23091,0.08822,0.0088,5725.0,
table3,"third choice, column 1",0.4869,0.0906,0.0,2912.0,
table3,"third choice, column 2",0.40343,0.08147,0.0,5725.0,
table3,"unassigned, column 1",0.513,0.1012,0.0,2912.0,
table3,"unassigned, column 2",0.43691,0.07738,0.0,5725.0,
table3,"strict priority claim, column 1",-0.0123,0.0193,0.525,2912.0,
table3,"strict priority claim, column 2",0.073999,0.02563,0.0039,5725.0,
table3,"number of opportunities, column 1",0.1088,0.0256,0.0,2912.0,
table3,"target second choice, column 2",-0.04881,0.01371,0.0004,5725.0,
table3,"target third choice, column 2",-0.09619,0.01883,0.0,5725.0,
table4,"IA strict, specification 1",-0.2698,0.0737,0.00025,10195.0,
table4,"IA strict, specification 2",-0.2694,0.0736,0.00025,10195.0,
table4,"IA strict, specification 3",-0.2667,0.0715,0.00019,10195.0,
table4,"IA strict, specification 4",-0.2701,0.0705,0.00013,10185.0,
table4,"IA probabilistic, specification 1",-0.2882,0.0465,0.0,10195.0,
table4,"IA probabilistic, specification 2",-0.288,0.0465,0.0,10195.0,
table4,"IA probabilistic, specification 3",-0.2872,0.0445,0.0,10195.0,
table4,"IA probabilistic, specification 4",-0.2902,0.0449,0.0,10185.0,
table4,"DA strict, specification 1",-0.005,0.0116,0.667,10195.0,
table4,"DA strict, specification 2",-0.0049,0.0116,0.673,10195.0,
table4,"DA strict, specification 3",-0.0007,0.0099,0.944,10195.0,
table4,"DA strict, specification 4",0.0022,0.0122,0.857,10185.0,
table4,"DA probabilistic, specification 1",-0.1239,0.0144,0.0,10195.0,
table4,"DA probabilistic, specification 2",-0.1234,0.0145,0.0,10195.0,
table4,"DA probabilistic, specification 3",-0.1093,0.0132,0.0,10195.0,
table4,"DA probabilistic, specification 4",-0.1069,0.0149,0.0,10185.0,
table4,"strict gap change, specification 1",0.2648,0.0746,0.00038,10195.0,
table4,"strict gap change, specification 2",0.2646,0.0745,0.00038,10195.0,
table4,"strict gap change, specification 3",0.266,0.0722,0.00023,10195.0,
table4,"strict gap change, specification 4",0.2723,0.0719,0.00015,10185.0,
table4,"probabilistic gap change, specification 1",0.1644,0.0487,0.00074,10195.0,
table4,"probabilistic gap change, specification 2",0.1645,0.0487,0.00073,10195.0,
table4,"probabilistic gap change, specification 3",0.1779,0.0467,0.00014,10195.0,
table4,"probabilistic gap change, specification 4",0.1833,0.0475,0.00011,10185.0,
table5,"DA, strict appeals total",0.011798,0.058879,0.8436,,
table5,"DA, strict appeals reporting",0.011798,0.058879,0.8436,,
table5,"DA, strict appeals direct",0.0,0.0,,,
table5,"DA, probabilistic appeals total",0.677673,0.07341,0.0,,
table5,"DA, probabilistic appeals reporting",0.09314,0.064317,0.1639,,
table5,"DA, probabilistic appeals direct",0.584532,0.039824,0.0,,
table5,"IA, strict appeals total",1.348272,0.335679,0.000895,,
table5,"IA, strict appeals reporting",0.813944,0.316614,0.01984,,
table5,"IA, strict appeals direct",0.534328,0.032264,0.0,,
table5,"IA, probabilistic appeals total",1.440498,0.211856,0.0,,
table5,"IA, probabilistic appeals reporting",0.833355,0.197605,0.000423,,
table5,"IA, probabilistic appeals direct",0.607143,0.037192,0.0,,
pareto,"DA, no appeals weak share",0.6779661016949152,,,236.0,
pareto,"DA, no appeals strict share",0.0,,,236.0,
pareto,"DA, strict appeals weak share",0.7333333333333333,,,240.0,
pareto,"DA, strict appeals strict share",0.0,,,240.0,
pareto,"DA, probabilistic appeals weak share",0.75,,,228.0,
pareto,"DA, probabilistic appeals strict share",0.34649122807017546,,,228.0,
pareto,"IA, no appeals weak share",0.16101694915254236,,,236.0,
pareto,"IA, no appeals strict share",0.11440677966101695,,,236.0,
pareto,"IA, strict appeals weak share",0.5106382978723404,,,235.0,
pareto,"IA, strict appeals strict share",0.4765957446808511,,,235.0,
pareto,"IA, probabilistic appeals weak share",0.4653846153846154,,,260.0,
pareto,"IA, probabilistic appeals strict share",0.4576923076923077,,,260.0,
table6,"IA strict, column 1",-0.51565,0.0567,0.0,1435.0,
table6,"IA strict, column 2",0.02543,0.00917,0.0056,1435.0,
table6,"IA strict, column 3",0.34202,0.0331,0.0,1435.0,
table6,"IA probabilistic, column 1",-0.44688,0.05508,0.0,1435.0,
table6,"IA probabilistic, column 2",0.07735,0.01495,0.0,1435.0,
table6,"IA probabilistic, column 3",0.23498,0.0366,0.0,1435.0,
table6,"DA strict, column 1",0.0,0.0,,1435.0,
table6,"DA strict, column 2",0.0,0.0,,1435.0,
table6,"DA strict, column 3",0.0,0.0,,1435.0,
table6,"DA probabilistic, column 1",0.3064,0.05001,0.0,1435.0,
table6,"DA probabilistic, column 2",0.78056,0.09039,0.0,1435.0,
table6,"DA probabilistic, column 3",-0.33287,0.03637,0.0,1435.0,
appendix,"DA, no appeals non-truthful reports",1193.0,,,,
appendix,"DA, no appeals consequential reports",106.0,,,,
appendix,"DA, strict appeals non-truthful reports",1144.0,,,,
appendix,"DA, strict appeals consequential reports",91.0,,,,
appendix,"DA, probabilistic appeals non-truthful reports",1114.0,,,,
appendix,"DA, probabilistic appeals consequential reports",82.0,,,,
appendix,"IA, no appeals non-truthful reports",1210.0,,,,
appendix,"IA, no appeals consequential reports",762.0,,,,
appendix,"IA, strict appeals non-truthful reports",1018.0,,,,
appendix,"IA, strict appeals consequential reports",670.0,,,,
appendix,"IA, probabilistic appeals non-truthful reports",1113.0,,,,
appendix,"IA, probabilistic appeals consequential reports",732.0,,,,
appendix,"DA, strict appeals appeal opportunities",1845.0,,,,
appendix,"DA, probabilistic appeals appeal opportunities",1835.0,,,,
appendix,"IA, strict appeals appeal opportunities",979.0,,,,
appendix,"IA, probabilistic appeals appeal opportunities",1066.0,,,,
appendix,"IA, strict appeals omitted sure beneficial appeals",67.0,,,,
appendix,"IA, probabilistic appeals omitted sure beneficial appeals",78.0,,,,
